{"ratio": [], "shift": [], "colors": [["annotation_color", "#b35806"], ["annotation_text_color", "#f7f7f7"], ["association_attribute_text_color", "#000000"], ["association_cartouche_color", "#fdb863"], ["association_cartouche_text_color", "#000000"], ["association_color", "#fee0b6"], ["association_stroke_color", "#e08214"], ["background_color", "#f7f7f7"], ["card_text_color", "#542788"], ["entity_attribute_text_color", "#000000"], ["entity_cartouche_color", "#b2abd2"], ["entity_cartouche_text_color", "#000000"], ["entity_color", "#d8daeb"], ["entity_stroke_color", "#8073ac"], ["leg_stroke_color", "#e08214"], ["transparent_color", "none"]], "cy": [["etudie", 60], ["etudiants", 60], ["matieres", 178], ["enseignants", 178]], "cx": [["etudie", 75], ["etudiants", 207], ["matieres", 75], ["enseignants", 347]], "size": [430, 238]}